{"cameraMode":{"drawMode":0,"name":"Shaded","section":"Shading Mode"},"sceneLighting":true,"audioPlay":false,"sceneViewState":{"m_AlwaysRefresh":false,"showFog":true,"showSkybox":true,"showFlares":true,"showImageEffects":true,"showParticleSystems":true,"showVisualEffectGraphs":true,"m_FxEnabled":true},"in2DMode":false,"pivot":{"x":0.5807347297668457,"y":3.2639102935791017,"z":-4.222257137298584},"rotation":{"x":0.0036483227740973236,"y":0.9963521957397461,"z":0.05954322591423988,"w":-0.061051733791828158},"size":1.7085222005844117,"orthographic":false}